Latitude,Longitude,Agebuilding,NumberofBuildings,NumberofFloors,PropertyGFATotal,PropertyGFAParking,PropertyGFABuilding(s),LargestPropertyUseType,ENERGYSTARScore,SiteEUIWN(kBtu/sf),TotalGHGEmissions
47.615,-122.33081,86,1.0,2,67224,0,67224,Commerce,,19.5,9.13
47.6641,-122.33118,110,1.0,3,87262,0,87262,Bureau,,69.80000305,157.77
47.66172,-122.29598,61,1.0,2,110356,0,110356,Industrie,,12.39999962,3.93
47.65671,-122.39047,26,1.0,2,54986,0,54986,Education,97.0,32.79999924,31.47
47.66587,-122.38476,55,1.0,2,94900,0,94900,Bureau,57.0,68.90000153,130.56
47.58034,-122.31132,116,1.0,2,52554,0,52554,Bureau,83.0,53.5,83.86
47.61351,-122.35129,105,1.0,3,70586,0,70586,Industrie,,33.09999847,45.43
47.61076,-122.33765,96,1.0,2,57428,0,57428,Commerce,,21.60000038,33.26
47.61048,-122.33794,106,1.0,8,59400,0,59400,Bureau,14.0,88.30000305,35.36
47.63442,-122.30793,105,1.0,3,56072,0,56072,Education,76.0,67.80000305,146.34
47.60823,-122.30956,54,1.0,2,54984,0,54984,Bureau,71.0,66.0,87.98
47.62395,-122.35077,54,1.0,2,52000,0,52000,Autres,,51.59999847,101.83
47.62391,-122.34837,30,1.0,2,66240,2352,63888,Bureau,,75.40000153,29.04
47.62053,-122.35842,46,1.0,4,76213,25930,50283,Bureau,68.0,71.59999847,48.76
47.62548,-122.30828,93,1.0,3,67743,0,67743,Education,34.0,44.79999924,78.85
47.58408,-122.30125,13,1.0,3,99433,35752,63681,Bureau,63.0,78.19999695,34.14
47.67524,-122.31534,75,1.0,4,56521,0,56521,Autres,,129.8999939,44.32
47.60112,-122.32785,10,1.0,4,61156,0,61156,Bureau,,132.6999969,176.75
47.59809,-122.32283,106,1.0,4,72820,13820,59000,Loisirs,,36.09999847,46.26
47.53827,-122.28406,58,1.0,1,54765,0,54765,Bureau,,88.69999695,61.21
47.65147,-122.36122,36,1.0,2,52611,0,52611,Education,,83.40000153,104.26
47.536,-122.31768,9,1.0,3,64015,0,64015,Bureau,21.0,62.5,49.58
47.70619,-122.32586,51,1.0,4,124342,0,124342,Commerce,76.0,71.59999847,66.3
47.70956,-122.3345,20,1.0,3,55442,0,55442,Bureau,72.0,88.90000153,83.7
47.55152,-122.31869,112,1.0,4,114297,0,114297,Industrie,61.0,21.10000038,69.44
47.67767,-122.39631,43,1.0,3,56000,0,56000,Autres,,37.29999924,59.34
47.54508,-122.37737,47,1.0,2,52088,0,52088,Industrie,,30.29999924,48.99
47.70044,-122.34136,59,1.0,2,91130,0,91130,Bureau,,106.0999985,175.77
47.60105,-122.33518,116,1.0,3,44558,0,44558,Bureau,78.0,38.59999847,28.27
47.57199,-122.32811,51,1.0,2,58640,0,58640,Industrie,,61.5,27.39
47.57507,-122.35747,100,1.0,4,79600,0,79600,Industrie,34.0,30.29999924,16.81
47.65097,-122.34227,25,1.0,3,75397,8161,67236,Industrie,91.0,8.5,9.63
47.66568,-122.31368,88,1.0,2,55653,0,55653,Education,98.0,28.79999924,72.88
47.71895,-122.29475,44,1.0,5,50759,0,50759,Bureau,62.0,65.40000153,49.09
47.66182,-122.31113,64,1.0,2,56772,0,56772,Servicepublic,46.0,48.70000076,84.57
47.6626,-122.31164,64,1.0,3,103000,0,103000,Servicepublic,42.0,52.29999924,149.93
47.61103,-122.33238,102,1.0,7,128766,0,128766,Loisirs,,47.0,57.21
47.60271,-122.33557,102,1.0,4,56500,0,56500,Bureau,98.0,37.5,44.22
47.61757,-122.35122,48,1.0,3,100734,26731,74003,Bureau,20.0,98.19999695,68.24
47.61703,-122.35012,35,1.0,4,77662,18504,59158,Bureau,57.0,83.19999695,68.19
47.61256,-122.33808,100,1.0,5,73399,0,73399,Bureau,61.0,64.90000153,26.19
47.60266,-122.33332,116,1.0,7,89550,0,89550,Bureau,85.0,50.59999847,51.67
47.60219,-122.33347,116,1.0,6,89355,0,89355,Bureau,66.0,46.90000153,31.97
47.60542,-122.33588,66,1.0,6,91091,1392,89699,Bureau,,21.39999962,46.56
47.60193,-122.32812,107,1.0,7,114395,8296,106099,Bureau,99.0,30.79999924,70.17
47.66024,-122.31278,38,1.0,2,89200,0,89200,Commerce,83.0,75.19999695,89.47
47.661,-122.31626,55,1.0,5,99005,0,99005,Bureau,70.0,63.0,119.03
47.66065,-122.31689,14,1.0,6,135051,44248,90803,Bureau,88.0,46.09999847,30.86
47.61591,-122.33238,52,1.0,5,93660,0,93660,Industrie,,10.0,6.09
47.6177,-122.3545,36,1.0,4,109347,38700,70647,Medical,,118.5999985,91.13
47.54066,-122.33023,39,1.0,1,128800,0,128800,Industrie,97.0,16.29999924,78.92
47.52871,-122.29443,46,1.0,1,88400,0,88400,Industrie,42.0,53.0,116.03
47.72912,-122.34677,56,1.0,1,52311,0,52311,Industrie,96.0,21.70000076,48.65
47.65825,-122.3683,43,1.0,1,52500,0,52500,Industrie,2.0,76.80000305,70.47
47.66587,-122.38476,57,1.0,2,57300,0,57300,Industrie,55.0,88.90000153,156.67
47.61159,-122.33601,102,1.0,4,79957,0,79957,Commerce,25.0,79.09999847,36.61
47.61033,-122.3357,32,1.0,6,109830,13200,96630,Bureau,45.0,87.90000153,51.14
47.60953,-122.33647,96,1.0,8,60660,0,60660,Bureau,,55.29999924,18.03
47.60995,-122.33904,110,1.0,4,63540,0,63540,Bureau,72.0,62.79999924,74.83
47.60821,-122.33899,106,1.0,5,79920,0,79920,Bureau,,37.29999924,20.98
47.61116,-122.34748,17,1.0,4,87500,17500,70000,Bureau,72.0,63.40000153,31.72
47.61304,-122.34059,91,1.0,4,52800,0,52800,Bureau,83.0,48.20000076,44.48
47.56064,-122.32522,15,1.0,1,123061,0,123061,Industrie,59.0,16.20000076,13.86
47.54868,-122.3255,53,1.0,1,59090,0,59090,Industrie,45.0,53.40000153,117.11
47.53764,-122.3232,56,1.0,1,119661,0,119661,Industrie,97.0,6.5,5.44
47.62566,-122.34287,32,1.0,6,95721,33921,61800,Bureau,95.0,33.0,21.36
47.70105,-122.32659,42,1.0,5,74880,0,74880,Bureau,56.0,77.09999847,35.8
47.69999,-122.32663,37,1.0,6,88774,0,88774,Bureau,53.0,74.40000153,42.03
47.69917,-122.3268,33,1.0,5,122250,0,122250,Bureau,93.0,43.5,38.59
47.70063,-122.32487,37,1.0,4,53730,0,53730,Bureau,20.0,88.30000305,33.06
47.5671,-122.36416,56,1.0,3,55593,0,55593,Bureau,55.0,79.40000153,93.23
47.62269,-122.33224,34,1.0,4,134056,60960,73096,Bureau,54.0,68.0,32.73
47.62003,-122.35706,31,1.0,4,86995,28800,58195,Bureau,81.0,51.90000153,20.86
47.62572,-122.33389,102,1.0,5,127800,0,127800,Industrie,56.0,22.0,29.53
47.62002,-122.33687,62,1.0,3,67380,0,67380,Industrie,66.0,46.79999924,74.1
47.62115,-122.3597,42,1.0,5,88062,20826,67236,Bureau,80.0,55.0,23.81
47.62224,-122.3585,44,1.0,5,87178,20416,66762,Bureau,69.0,57.59999847,25.32
47.62224,-122.3585,46,1.0,5,87178,20416,66762,Bureau,86.0,55.5,24.35
47.62014,-122.35768,45,1.0,5,88000,21600,66400,Bureau,75.0,0.0,24.29
47.56885,-122.37121,19,1.0,4,98475,0,98475,Industrie,83.0,12.0,22.44
47.56895,-122.33775,8,1.0,1,63225,0,63225,Commerce,100.0,103.1999969,45.47
47.56548,-122.35378,61,1.0,1,113780,0,113780,Bureau,,35.29999924,121.98
47.72053,-122.34739,19,1.0,1,131387,0,131387,Commerce,72.0,82.90000153,110.46
47.72377,-122.34095,17,1.0,3,94400,0,94400,Industrie,38.0,11.89999962,10.24
47.65086,-122.35412,28,1.0,3,124071,28645,95426,Bureau,73.0,51.70000076,34.9
47.64963,-122.35158,16,1.0,4,90000,36528,53472,Bureau,84.0,43.29999924,27.17
47.64849,-122.35041,15,1.0,3,96041,33709,62332,Bureau,70.0,87.0,37.74
47.54983,-122.32858,49,1.0,2,90000,0,90000,Industrie,87.0,16.29999924,17.17
47.55032,-122.32614,50,1.0,1,50200,0,50200,Commerce,,23.79999924,32.22
47.66891,-122.38528,91,1.0,6,94033,6200,87833,Bureau,,60.20000076,120.24
47.66724,-122.38553,75,1.0,2,63240,0,63240,Industrie,100.0,4.300000191,8.15
47.64676,-122.37581,28,1.0,4,130293,23400,106893,Industrie,,3.599999905,3.25
47.65567,-122.37478,19,1.0,4,106041,0,106041,Industrie,94.0,11.80000019,25.58
47.63634,-122.3754,60,1.0,3,94470,0,94470,Industrie,,12.60000038,33.18
47.54769,-122.3251,50,1.0,1,22780,0,22780,Industrie,33.0,17.60000038,2.8
47.54187,-122.32714,49,1.0,1,50065,0,50065,Industrie,72.0,35.09999847,42.65
47.54621,-122.33486,47,1.0,1,57540,0,57540,Industrie,26.0,48.79999924,76.68
47.54853,-122.32814,50,1.0,1,85400,0,85400,Industrie,49.0,18.0,10.72
47.54912,-122.32819,50,1.0,1,55700,0,55700,Industrie,63.0,9.5,3.62
47.54965,-122.3278,52,1.0,1,53250,0,53250,Bureau,96.0,33.40000153,46.93
47.62476,-122.34843,29,1.0,6,78672,28427,50245,Bureau,98.0,28.20000076,28.63
47.71286,-122.34422,30,1.0,3,64660,0,64660,Industrie,89.0,5.199999809,6.32
47.61552,-122.31744,89,1.0,2,75844,19928,55916,Autres,,66.40000153,38.48
47.56785,-122.33361,76,1.0,1,56608,0,56608,Autres,,92.30000305,74.31
47.59367,-122.30957,102,1.0,2,62220,0,62220,Bureau,32.0,87.80000305,38.55
47.59388,-122.31124,46,1.0,1,65430,0,65430,Bureau,89.0,52.09999847,90.24
47.66517,-122.30186,10,1.0,3,102290,42440,59850,Bureau,26.0,73.0,49.17
47.64037,-122.32626,38,1.0,4,85385,31210,54175,Bureau,,92.5,33.85
47.53687,-122.33316,27,1.0,2,98024,0,98024,Industrie,94.0,21.60000038,42.25
47.62405,-122.33084,88,1.0,1,65000,15000,50000,Bureau,,91.90000153,63.89
47.7094,-122.31843,47,1.0,2,98539,0,98539,Commerce,,55.79999924,46.49
47.70732,-122.33279,35,1.0,6,86483,0,86483,Bureau,56.0,76.69999695,44.35
47.53926,-122.34143,40,1.0,1,51600,0,51600,Industrie,75.0,23.20000076,22.1
47.7126,-122.33782,11,1.0,3,63909,0,63909,Medical,,74.59999847,33.22
47.69814,-122.34295,68,1.0,2,53472,0,53472,Industrie,,18.70000076,34.0
47.52696,-122.32913,36,1.0,1,50417,0,50417,Industrie,14.0,42.59999847,58.67
47.56089,-122.33474,47,1.0,2,104786,0,104786,Industrie,93.0,11.0,23.86
47.55787,-122.335,16,1.0,1,53040,41600,11440,Autres,,37.0,49.9
47.55741,-122.33163,43,1.0,1,110689,0,110689,Autres,,25.20000076,107.83
47.5563,-122.33186,68,1.0,1,53620,0,53620,Bureau,86.0,40.0,22.12
47.55623,-122.33316,78,1.0,1,50008,0,50008,Bureau,62.0,67.59999847,65.3
47.56549,-122.33221,59,1.0,1,50832,0,50832,Industrie,63.0,50.20000076,107.16
47.56558,-122.32889,60,1.0,1,98480,0,98480,Industrie,65.0,29.39999962,39.5
47.63376,-122.33968,46,1.0,7,94002,0,94002,Bureau,70.0,60.29999924,39.47
47.55515,-122.3275,42,1.0,1,93020,0,93020,Industrie,60.0,13.5,8.73
47.6153,-122.35014,70,1.0,1,23000,0,23000,Autres,,36.79999924,25.74
47.59895,-122.33379,112,1.0,5,78920,0,78920,Bureau,88.0,36.0,19.73
47.59855,-122.33327,110,1.0,7,99440,0,99440,Bureau,64.0,75.0,134.69
47.59856,-122.33379,109,1.0,6,73260,0,73260,Bureau,82.0,47.29999924,19.89
47.59979,-122.3338,116,1.0,4,69817,0,69817,Bureau,87.0,39.20000076,76.8
47.60035,-122.33379,116,1.0,4,84750,0,84750,Bureau,,30.79999924,26.04
47.60146,-122.33248,116,1.0,6,75496,13320,62176,Bureau,,62.09999847,24.89
47.59871,-122.3299,110,1.0,3,67755,0,67755,Autres,,31.0,13.28
47.59334,-122.32905,106,1.0,3,56700,0,56700,Bureau,37.0,43.40000153,31.58
47.59366,-122.32666,94,1.0,1,82852,0,82852,Industrie,83.0,30.20000076,65.56
47.57941,-122.33131,63,1.0,2,76442,0,76442,Autres,,60.59999847,132.6
47.57658,-122.33054,54,1.0,2,92792,0,92792,Industrie,56.0,35.09999847,74.18
47.58361,-122.33369,116,1.0,4,129000,25800,103200,Bureau,80.0,41.70000076,30.5
47.58781,-122.33264,62,1.0,1,78814,0,78814,Industrie,69.0,11.60000038,16.48
47.59403,-122.33367,106,1.0,6,75600,10800,64800,Industrie,15.0,43.70000076,18.74
47.59363,-122.33371,109,1.0,4,56270,0,56270,Industrie,,18.79999924,7.37
47.59701,-122.33378,112,1.0,4,66842,0,66842,Bureau,31.0,103.5,138.35
47.59639,-122.33368,107,1.0,6,75288,10800,64488,Bureau,81.0,45.40000153,20.18
47.59202,-122.33486,102,1.0,2,64512,0,64512,Bureau,53.0,97.09999847,180.76
47.58252,-122.33465,86,1.0,3,60592,0,60592,Bureau,16.0,84.59999847,47.25
47.57842,-122.33558,23,1.0,1,107930,0,107930,Commerce,57.0,70.5,100.42
47.57096,-122.3355,90,1.0,1,99084,0,99084,Industrie,83.0,18.60000038,49.25
47.56676,-122.35247,63,1.0,1,72719,0,72719,Industrie,28.0,38.20000076,42.74
47.59534849,-122.327269,86,1.0,4,76624,0,76624,Bureau,91.0,41.29999924,33.41
47.61077,-122.3361,90,1.0,6,97720,0,97720,Bureau,,33.70000076,17.28
47.60197,-122.33437,116,1.0,6,56700,0,56700,Bureau,55.0,54.29999924,21.37
47.59554,-122.32471,91,1.0,4,72000,0,72000,Bureau,89.0,38.0,23.48
47.62497,-122.35965,34,1.0,5,98668,0,98668,Bureau,91.0,44.5,30.61
47.63284,-122.37712,38,1.0,1,50660,0,50660,Commerce,51.0,58.40000153,60.7
47.63156,-122.37551,79,1.0,2,61929,0,61929,Bureau,59.0,60.70000076,55.73
47.61588,-122.34965,91,1.0,3,20565,0,20565,Bureau,65.0,40.40000153,5.59
47.60604,-122.33948,98,1.0,6,108245,14690,93555,Bureau,,47.5,50.17
47.60247,-122.33621,106,1.0,6,112560,0,112560,Bureau,86.0,54.59999847,97.82
47.60223,-122.33602,106,1.0,6,86204,0,86204,Autres,89.0,45.0,69.02
47.58716,-122.32214,65,1.0,2,112896,0,112896,Bureau,66.0,95.90000153,157.48
47.58685,-122.32501,56,1.0,1,110613,0,110613,Industrie,95.0,9.199999809,7.08
47.58096,-122.32313,46,1.0,1,84420,0,84420,Industrie,55.0,35.40000153,19.86
47.57055,-122.3267,55,1.0,1,73335,0,73335,Industrie,,74.5,155.74
47.5794,-122.32848,88,1.0,2,56876,0,56876,Industrie,,35.40000153,48.5
47.58241,-122.32866,85,1.0,2,61200,0,61200,Industrie,16.0,86.40000153,178.62
47.58772,-122.32686,29,1.0,1,111908,0,111908,Industrie,87.0,15.30000019,34.14
47.6633,-122.37549,15,1.0,4,92092,21055,71037,Bureau,5.0,68.69999695,33.58
47.6592,-122.38437,42,1.0,3,56259,0,56259,Industrie,,47.70000076,86.9
47.64932,-122.35187,16,1.0,2,77174,25800,51374,Bureau,33.0,71.0,38.21
47.62817,-122.34212,18,1.0,5,110524,0,110524,Bureau,57.0,63.90000153,47.82
47.61949,-122.35639,42,1.0,5,102930,18720,84210,Bureau,85.0,56.5,65.03
47.61203,-122.33486,87,1.0,4,78920,0,78920,Commerce,80.0,105.1999969,109.85
47.61051,-122.34439,37,1.0,7,131143,87160,43983,Bureau,93.0,39.47805449013672,109.16
47.61505,-122.32,108,1.0,4,55520,0,55520,Bureau,,70.30000305,150.88
47.60956,-122.33715,76,1.0,3,83118,0,83118,Commerce,59.0,56.29999924,27.82
47.60925,-122.33734,92,1.0,3,77555,0,77555,Commerce,39.0,106.0999985,54.4
47.60765,-122.34097,107,1.0,6,51218,0,51218,Bureau,57.0,55.5,20.12
47.60576,-122.33922,106,1.0,7,122356,0,122356,Bureau,91.0,41.90000153,41.8
47.60366,-122.33328,95,1.0,3,52298,0,52298,Bureau,89.0,40.59999847,13.72
47.6094,-122.31506,100,1.0,2,60122,0,60122,Education,,12.39999962,9.31
47.5981,-122.33369,106,1.0,6,95000,13700,81300,Bureau,83.0,50.5,31.43
47.58958,-122.33369,109,1.0,6,62370,0,62370,Bureau,30.0,72.69999695,30.35
47.58251,-122.32528,31,1.0,1,66133,0,66133,Autres,,84.80000305,89.94
47.57613,-122.33864,64,1.0,2,115668,0,115668,Industrie,,33.59999847,111.23
47.54923,-122.32446,50,1.0,1,115620,0,115620,Industrie,11.0,34.29999924,13.61
47.54326,-122.33134,47,1.0,1,71718,0,71718,Industrie,100.0,2.099999905,1.06
47.53628,-122.3329,47,1.0,1,55450,0,55450,Industrie,31.0,87.30000305,131.64
47.52222,-122.36892,24,1.0,1,102500,0,102500,Commerce,81.0,77.69999695,158.55
47.59937,-122.33116,114,1.0,4,73320,0,73320,Industrie,,23.0,29.16
47.5992,-122.33223,116,1.0,6,95760,15840,79920,Bureau,83.0,58.29999924,74.45
47.57513,-122.33739,99,1.0,1,65288,0,65288,Industrie,,8.600000381,4.22
47.66246,-122.29898,60,1.0,2,93803,0,93803,Commerce,,59.90000153,110.41
47.51304,-122.28394,50,1.0,2,123000,0,123000,Industrie,47.0,21.89999962,20.94
47.51168,-122.28285,38,1.0,1,60448,0,60448,Industrie,90.0,19.29999924,27.24
47.60453796,-122.3203278,12,1.0,4,77412,21612,55800,Bureau,,60.09999847,20.85
47.6993,-122.32378,29,1.0,5,90266,0,90266,Bureau,18.0,90.80000305,54.18
47.6582,-122.36434,12,1.0,4,87332,6458,80874,Industrie,87.0,13.60000038,14.49
47.61818,-122.31728,28,1.0,4,132828,0,132828,Industrie,83.0,8.199999809,7.56
47.54862,-122.32272,58,1.0,1,74178,0,74178,Commerce,,75.69999695,134.82
47.70799,-122.30185,29,1.0,4,80360,0,80360,Industrie,96.0,9.399999619,16.27
47.59394,-122.32452,8,1.0,2,51856,0,51856,Commerce,,37.29999924,13.51
47.67738,-122.28996,59,1.0,2,22220,0,22220,Servicepublic,90.0,40.09999847,31.74
47.54437,-122.30863,54,1.0,1,44700,0,44700,Bureau,,45.40000153,30.52
47.54137,-122.33051,40,1.0,1,44100,0,44100,Industrie,1.0,42.29999924,11.29
47.54113,-122.32633,51,1.0,1,27800,0,27800,Industrie,13.0,48.09999847,24.39
47.55436,-122.33631,15,1.0,1,46340,0,46340,Industrie,3.0,55.29999924,17.87
47.60191,-122.31438,106,1.0,3,38460,0,38460,Bureau,69.0,53.70000076,36.02
47.68576,-122.35481,94,1.0,2,21022,0,21022,Servicepublic,54.0,51.29999924,43.84
47.51127,-122.281,49,1.0,1,48001,0,48001,Industrie,49.0,52.0,86.46
47.51399,-122.27946,37,1.0,1,26380,0,26380,Industrie,,20.0,3.58
47.51018,-122.28192,47,1.0,1,37351,0,37351,Industrie,10.0,72.40000153,77.04
47.51127,-122.281,35,1.0,1,30375,0,30375,Industrie,73.0,11.39999962,2.41
47.51104,-122.28245,37,1.0,1,30004,0,30004,Industrie,,12.60000038,2.57
47.68164,-122.3753,102,1.0,2,33589,0,33589,Servicepublic,90.0,18.10000038,21.93
47.66587,-122.38476,37,1.0,3,43500,0,43500,Bureau,46.0,74.0,22.65
47.67528,-122.40836,38,1.0,2,28492,0,28492,Bureau,12.0,70.19999695,37.78
47.6744,-122.40735,53,1.0,3,22325,0,22325,Bureau,,62.79999924,9.77
47.67398,-122.40765,39,1.0,3,22719,0,22719,Restaurant,,59.79999924,9.47
47.67713,-122.35398,99,1.0,2,28072,0,28072,Loisirs,,66.59999847,63.48
47.6158,-122.35126,42,1.0,5,61825,13320,48505,Bureau,59.0,112.5,141.2
47.61683,-122.35176,74,1.0,3,64630,0,64630,Bureau,96.0,21.79999924,9.82
47.61636,-122.35094,68,1.0,2,20920,0,20920,Servicepublic,15.0,57.79999924,42.19
47.57384,-122.41182,90,1.0,2,22128,0,22128,Servicepublic,94.0,32.90000153,25.24
47.72736,-122.34579,48,1.0,1,48139,0,48139,Commerce,98.0,24.0,24.02
47.56633,-122.38725,67,1.0,2,21364,0,21364,Servicepublic,86.0,52.0,43.8
47.61741,-122.33491,24,1.0,2,28923,0,28923,Education,,17.70000076,15.27
47.61789,-122.33573,88,1.0,3,21600,0,21600,Education,,16.60000038,6.33
47.6646,-122.29932,20,1.0,1,25735,0,25735,Commerce,82.0,48.5,18.1
47.66246,-122.29898,13,1.0,2,49965,0,49965,Commerce,82.0,68.5,29.54
47.6026,-122.33232,87,1.0,2,20028,0,20028,Bureau,95.0,27.5,14.22
47.60237,-122.33365,114,1.0,3,23563,0,23563,Bureau,67.0,37.5,6.16
47.60284,-122.33407,113,1.0,3,28600,0,28600,Bureau,,44.90000153,24.25
47.60427,-122.33385,38,1.0,2,38539,12379,26160,Commerce,55.0,86.0,15.24
47.60427,-122.33385,110,1.0,2,46800,0,46800,Commerce,86.0,26.60000038,8.68
47.60431,-122.33335,37,1.0,3,63990,26640,37350,Bureau,51.0,53.0,14.63
47.61285,-122.34817,108,1.0,3,28800,0,28800,Bureau,50.0,40.70000076,28.81
47.6172,-122.34979,62,1.0,3,33552,4968,28584,Bureau,75.0,68.40000153,60.43
47.61652,-122.34854,85,1.0,2,26270,0,26270,Commerce,32.0,63.5,33.78
47.61595,-122.34756,90,1.0,3,57620,7820,49800,Bureau,50.0,47.90000153,16.63
47.61543,-122.34651,62,1.0,2,28696,6080,22616,Autres,,21.79999924,2.92
47.61319,-122.33695,61,1.0,2,31890,0,31890,Bureau,2.0,57.40000153,12.95
47.61267,-122.33852,91,1.0,2,44098,13660,30438,Bureau,53.0,58.79999924,41.69
47.61812,-122.35509,91,1.0,1,24825,1263,23562,Commerce,,19.89999962,11.14
47.6146,-122.34217,64,1.0,4,26670,0,26670,Medical,51.0,61.5,10.83
47.61768,-122.34139,51,1.0,1,23752,0,23752,Bureau,,50.5,30.33
47.66476,-122.35248,88,1.0,2,45991,0,45991,Servicepublic,77.0,28.20000076,36.43
47.66246,-122.29898,60,1.0,2,39265,0,39265,Commerce,,135.6000061,47.12
47.66246,-122.29898,60,1.0,2,54284,0,54284,Commerce,18.0,126.0,63.61
47.66246,-122.29898,60,1.0,1,23409,0,23409,Commerce,67.0,112.0,28.41
47.66246,-122.29898,19,1.0,1,63153,0,63153,Commerce,,74.0,47.66
47.61362,-122.33959,89,1.0,4,32356,0,32356,Bureau,81.0,62.20000076,74.92
47.61524,-122.33519,38,1.0,5,43506,11250,32256,Bureau,51.0,110.5999985,99.15
47.67572,-122.3285,106,1.0,2,23931,0,23931,Servicepublic,88.0,0.0,18.66
47.67491,-122.33316,68,1.0,2,21393,0,21393,Servicepublic,57.0,45.90000153,32.64
47.57256,-122.29265,26,1.0,2,47560,0,47560,Industrie,80.0,25.89999962,33.23
47.61679,-122.33619,106,1.0,3,28800,0,28800,Education,,26.89999962,8.45
47.61718,-122.33654,59,1.0,2,21600,0,21600,Education,72.0,65.5,38.87
47.61687,-122.33533,21,1.0,3,22860,0,22860,Education,43.0,43.29999924,6.49
47.54362,-122.2667,51,1.0,2,21732,0,21732,Servicepublic,2.0,43.40000153,23.59
47.66835,-122.38886,71,1.0,1,21060,0,21060,Industrie,,15.60000038,6.69
47.66033,-122.31348,116,1.0,3,32960,0,32960,Commerce,71.0,24.70000076,5.67
47.65926,-122.31241,90,1.0,2,47992,0,47992,Servicepublic,17.0,73.30000305,118.37
47.68752,-122.29852,16,1.0,2,31386,0,31386,Servicepublic,52.0,0.0,27.14
47.64834,-122.33188,4,1.0,2,84116,26497,57619,Bureau,68.0,48.0,20.08
47.65742,-122.36736,9,1.0,2,38784,0,38784,Industrie,,56.29999924,26.11
47.57383,-122.33046,47,1.0,2,41790,0,41790,Loisirs,,54.59999847,33.37
47.60542,-122.3364,116,1.0,5,39960,0,39960,Bureau,77.0,59.79999924,49.98
47.60528,-122.33627,116,1.0,5,33300,0,33300,Industrie,,3.0,0.63
47.60781,-122.33186,94,1.0,3,39320,6960,32360,Loisirs,,83.09999847,145.48
47.60547,-122.33118,108,1.0,5,41536,0,41536,Loisirs,,65.90000153,19.07
47.56504,-122.38455,51,1.0,3,49744,0,49744,Education,98.0,48.70000076,89.29
47.56342,-122.38509,93,1.0,2,37816,0,37816,Servicepublic,60.0,41.09999847,43.45
47.5622,-122.38648,90,1.0,2,23315,0,23315,Bureau,,89.5,35.04
47.56263,-122.38196,68,1.0,1,41521,13124,28397,Loisirs,,123.6999969,100.21
47.56197,-122.38109,70,1.0,2,25762,0,25762,Commerce,100.0,74.0,13.29
47.72178,-122.29498,37,1.0,1,39350,0,39350,Commerce,,6.5,1.86
47.72606,-122.28747,3,1.0,1,32590,0,32590,Autres,,46.20000076,43.13
47.60132,-122.30477,26,1.0,2,39000,0,39000,Medical,25.0,68.09999847,33.92
47.58513,-122.30645,47,1.0,1,25920,0,25920,Industrie,,46.79999924,12.48
47.58528,-122.30595,63,1.0,1,25480,0,25480,Industrie,,29.10000038,5.17
47.58482,-122.30501,46,1.0,2,31000,0,31000,Industrie,,74.69999695,19.93
47.58528,-122.305,55,1.0,1,29740,0,29740,Bureau,57.0,51.09999847,19.82
47.58607,-122.30445,62,1.0,1,23236,0,23236,Industrie,,20.79999924,13.02
47.58579,-122.3034,7,1.0,3,38075,0,38075,Bureau,,53.5,19.04
47.5859,-122.29957,46,1.0,2,39170,0,39170,Bureau,81.0,63.40000153,63.06
47.56979,-122.29234,53,1.0,2,20047,0,20047,Bureau,,6.400000095,0.82
47.57403,-122.3336,102,1.0,1,20000,0,20000,Commerce,75.0,27.89999962,3.89
47.63629,-122.35922,68,1.0,1,27247,0,27247,Loisirs,,101.0,83.1
47.56447,-122.35335,63,1.0,1,31521,0,31521,Industrie,6.0,57.79999924,61.71
47.56982,-122.33479,65,1.0,1,24000,0,24000,Industrie,,62.90000153,46.64
47.56487,-122.34181,64,1.0,1,21900,0,21900,Industrie,,75.5,65.65
47.56897,-122.33617,55,1.0,1,38005,0,38005,Industrie,,21.10000038,10.75
47.5678,-122.33622,18,1.0,1,35579,0,35579,Industrie,72.0,35.40000153,39.05
47.57382,-122.32672,41,1.0,1,49950,0,49950,Industrie,77.0,4.800000191,1.67
47.63927,-122.4032,69,1.0,2,22612,0,22612,Servicepublic,87.0,37.79999924,31.6
47.72599,-122.29314,40,1.0,2,38787,0,38787,Commerce,,90.59999847,67.52
47.55302,-122.33605,78,1.0,1,30545,0,30545,Industrie,12.0,60.90000153,61.53
47.54365,-122.30785,60,1.0,1,27000,0,27000,Industrie,61.0,27.20000076,18.85
47.64243,-122.32618,59,1.0,2,21183,0,21183,Bureau,99.0,25.89999962,2.52
47.64428,-122.32627,55,1.0,3,29392,3834,25558,Bureau,91.0,27.39999962,6.18
47.64866,-122.34509,116,1.0,2,20500,0,20500,Bureau,48.0,64.69999695,11.27
47.67485,-122.29284,86,1.0,2,25521,0,25521,Servicepublic,82.0,26.89999962,15.47
47.67485,-122.29284,30,1.0,1,23190,0,23190,Education,79.0,83.19999695,68.14
47.63796,-122.34897,91,1.0,1,48789,0,48789,Education,94.0,29.10000038,29.41
47.55374,-122.32498,39,1.0,1,22320,0,22320,Industrie,62.0,20.70000076,3.06
47.55316,-122.32616,34,1.0,2,40029,0,40029,Bureau,69.0,39.40000153,10.26
47.55196,-122.32518,46,1.0,2,28304,0,28304,Bureau,67.0,48.70000076,8.85
47.55168,-122.32459,46,1.0,1,26400,0,26400,Loisirs,,16.29999924,3.16
47.55049,-122.32382,48,1.0,1,27680,0,27680,Industrie,,69.30000305,64.81
47.55145,-122.32635,47,1.0,2,25872,0,25872,Bureau,,71.69999695,45.79
47.55127,-122.32576,47,1.0,2,25872,0,25872,Bureau,41.0,100.0,81.96
47.6557,-122.34682,58,1.0,2,21436,0,21436,Bureau,95.0,26.10000038,3.73
47.65205,-122.3218,18,1.0,1,20233,0,20233,Bureau,,34.09999847,18.16
47.65178,-122.351,10,1.0,4,39926,12400,27526,Bureau,,37.70000076,14.49
47.64904,-122.34609,31,1.0,3,31417,8110,23307,Bureau,94.0,46.20000076,28.09
47.61179,-122.3404,88,1.0,6,46580,0,46580,Industrie,,16.70000076,4.95
47.61165,-122.34011,100,1.0,2,25920,0,25920,Commerce,5.0,18.5,3.34
47.61297,-122.34324,97,1.0,2,25920,0,25920,Bureau,75.0,81.09999847,46.48
47.61098,-122.32766,91,1.0,4,39760,0,39760,Bureau,92.0,69.0,149.91
47.61109,-122.32721,96,1.0,3,30971,0,30971,Autres,,96.0,94.85
47.64965,-122.34913,89,1.0,2,33840,0,33840,Industrie,,69.09999847,60.88
47.65114,-122.34954,15,1.0,5,33740,6010,27730,Bureau,79.0,52.29999924,9.0
47.65019,-122.35013,110,1.0,3,27480,0,27480,Commerce,88.0,39.29999924,8.47
47.65061,-122.35159,69,1.0,1,46958,0,46958,Bureau,95.0,38.70000076,30.32
47.65214,-122.356,32,1.0,1,26532,0,26532,Industrie,5.0,85.19999695,66.53
47.65138,-122.35565,47,1.0,1,30730,0,30730,Autres,,106.4000015,73.52
47.64905,-122.36055,67,1.0,3,62000,0,62000,Servicepublic,81.0,34.70000076,82.34
47.64805,-122.35534,35,1.0,2,23600,0,23600,Bureau,82.0,35.59999847,5.41
47.64976,-122.35684,30,1.0,3,40067,0,40067,Bureau,43.0,57.5,16.06
47.64976,-122.35684,27,1.0,3,26419,6922,19497,Bureau,67.0,40.70000076,7.49
47.64976,-122.35684,37,1.0,3,25262,0,25262,Bureau,54.0,59.70000076,23.85
47.64975,-122.35289,20,1.0,3,53103,0,53103,Autres,,126.0,38.12
47.64901,-122.35516,36,1.0,3,34106,0,34106,Bureau,57.0,54.5,11.29
47.64934,-122.35592,36,1.0,3,34545,0,34545,Bureau,29.0,67.0,16.13
47.64865,-122.35435,36,1.0,3,70296,0,70296,Bureau,86.0,42.90000153,19.39
47.59979,-122.33339,114,1.0,4,27838,0,27838,Bureau,77.0,45.40000153,8.49
47.72288,-122.34065,55,1.0,1,20236,0,20236,Loisirs,,103.1999969,49.58
47.72004,-122.34418,65,1.0,2,39815,0,39815,Bureau,62.0,54.20000076,40.22
47.72299,-122.34293,46,1.0,4,25557,0,25557,Medical,,89.19999695,15.9
47.72134,-122.34102,58,1.0,2,26994,0,26994,Bureau,,123.0,122.73
47.72183,-122.34328,44,1.0,1,48112,0,48112,Industrie,73.0,30.39999962,10.36
47.72065,-122.34318,7,1.0,1,20909,0,20909,Servicepublic,,68.09999847,32.86
47.73387,-122.34722,15,1.0,2,42793,16518,26275,Bureau,27.0,71.19999695,12.35
47.72644,-122.34338,9,1.0,2,45000,0,45000,Loisirs,,135.6999969,176.79
47.72337,-122.34373,18,1.0,1,26115,0,26115,Commerce,43.0,67.40000153,36.74
47.6123,-122.34395,96,1.0,2,26400,0,26400,Commerce,36.0,46.90000153,17.12
47.61185,-122.3434,98,1.0,3,38148,0,38148,Bureau,98.0,25.10000038,8.8
47.62231,-122.34145,88,1.0,2,28800,0,28800,Industrie,,18.10000038,12.77
47.62232,-122.36101,61,1.0,5,31945,0,31945,Servicepublic,4.0,56.5,12.59
47.6189,-122.35713,31,1.0,5,85963,33055,52908,Bureau,43.0,84.69999695,31.24
47.60683,-122.33771,116,1.0,4,34680,0,34680,Commerce,92.0,36.29999924,26.38
47.61103,-122.33549,101,1.0,1,36504,0,36504,Commerce,2.0,132.6000061,20.76
47.61091,-122.33667,109,1.0,6,35200,0,35200,Bureau,8.0,85.19999695,20.9
47.60961,-122.33566,109,1.0,5,35840,0,35840,Bureau,83.0,48.09999847,48.35
47.60985,-122.33527,75,1.0,2,25920,0,25920,Bureau,60.0,58.40000153,9.3
47.6097,-122.325,104,1.0,3,20411,0,20411,Loisirs,,105.0999985,71.23
47.61194,-122.32177,106,1.0,3,73549,0,73549,Bureau,90.0,43.59999847,107.45
47.60901,-122.32994,100,1.0,3,38038,0,38038,Loisirs,,33.5,55.61
47.66388,-122.36831,56,1.0,1,36444,0,36444,Industrie,80.0,4.599999905,1.12
47.65907,-122.36783,66,1.0,1,27553,0,27553,Industrie,63.0,38.29999924,31.61
47.62296,-122.33884,96,1.0,2,25920,0,25920,Bureau,,41.29999924,16.57
47.62354,-122.33808,97,1.0,3,40686,0,40686,Restaurant,,53.79999924,73.0
47.62399,-122.33804,52,1.0,2,45271,0,45271,Commerce,57.0,64.30000305,82.72
47.62437,-122.33802,96,1.0,3,28380,12180,16200,Bureau,62.0,53.0,35.77
47.62353,-122.33622,90,1.0,3,26176,0,26176,Bureau,95.0,45.29999924,32.09
47.61876,-122.3534,7,1.0,3,23241,0,23241,Servicepublic,66.0,34.0,20.64
47.62208,-122.35398,14,1.0,1,21018,0,21018,Autres,,85.09999847,24.62
47.62082,-122.35251,24,1.0,2,40600,0,40600,Autres,,56.0,41.06
47.62055,-122.33881,17,1.0,4,38038,0,38038,Bureau,84.0,53.59999847,13.97
47.62028,-122.33717,9,1.0,4,64596,24596,40000,Bureau,92.0,65.90000153,77.8
47.62004,-122.33807,3,1.0,6,130710,100800,29910,Bureau,92.0,56.79999924,86.51
47.62054,-122.33807,90,1.0,4,35780,0,35780,Bureau,77.0,64.80000305,13.33
47.6223,-122.35653,52,1.0,4,25132,7308,17824,Bureau,41.0,57.70000076,3.94
47.60192,-122.33282,50,1.0,1,49680,0,49680,Autres,,58.20000076,119.34
47.60219,-122.3313,54,1.0,1,36314,0,36314,Autres,,51.90000153,44.33
47.60849,-122.33924,100,1.0,2,25920,0,25920,Loisirs,,60.79999924,8.77
47.60994,-122.33997,97,1.0,4,47686,0,47686,Bureau,72.0,65.40000153,77.48
47.60805,-122.33978,116,1.0,2,49280,0,49280,Commerce,,111.0,98.28
47.60836,-122.34157,101,1.0,6,40715,0,40715,Bureau,,70.69999695,44.89
47.61113,-122.34556,26,1.0,4,82065,34800,47265,Autres,91.0,43.79999924,11.97
47.61041,-122.34214,106,1.0,4,36160,0,36160,Bureau,47.0,53.20000076,12.98
47.61341,-122.34597,86,1.0,2,22710,0,22710,Restaurant,,12.69999981,2.01
47.6367,-122.3285,16,1.0,3,50499,13540,36959,Bureau,13.0,86.69999695,22.46
47.63239,-122.32072,86,1.0,2,45960,0,45960,Education,56.0,102.5,182.81
47.61992,-122.34539,57,1.0,2,21128,0,21128,Bureau,97.0,20.70000076,3.04
47.6201,-122.34071,56,1.0,1,27338,0,27338,Servicepublic,56.0,25.0,4.05
47.64132,-122.31644,17,1.0,2,85750,65640,20110,Autres,,113.9000015,77.76
47.61954,-122.35847,86,1.0,3,45864,0,45864,Bureau,94.0,66.19999695,115.43
47.63245,-122.32529,29,1.0,3,33176,0,33176,Bureau,89.0,45.59999847,35.96
47.63246,-122.32658,23,1.0,3,25194,3764,21430,Commerce,,92.40000153,55.95
47.72039,-122.29729,69,1.0,1,37377,0,37377,Commerce,,98.69999695,111.73
47.53906,-122.32031,39,1.0,1,29380,0,29380,Industrie,33.0,29.89999962,5.97
47.60321889,-122.3205567,94,1.0,2,22688,0,22688,Servicepublic,87.0,17.29999924,7.07
47.56028,-122.28914,54,1.0,2,22364,0,22364,Education,,72.69999695,54.44
47.54693,-122.28718,34,1.0,2,41262,0,41262,Bureau,84.0,49.09999847,13.27
47.68566,-122.31849,108,1.0,3,45680,0,45680,Servicepublic,79.0,52.40000153,86.81
47.53439,-122.37699,59,1.0,1,23562,0,23562,Servicepublic,96.0,15.89999962,3.71
47.65804,-122.36537,17,1.0,4,28844,0,28844,Bureau,,47.5,6.35
47.56067,-122.32646,27,1.0,1,21101,0,21101,Industrie,,38.79999924,27.97
47.56067,-122.32705,102,1.0,2,45594,0,45594,Industrie,75.0,29.20000076,9.42
47.55013,-122.33044,66,1.0,1,26660,0,26660,Industrie,,84.09999847,15.62
47.56056,-122.32593,41,1.0,1,28126,0,28126,Industrie,44.0,34.40000153,18.63
47.54813,-122.32553,52,1.0,1,35000,0,35000,Industrie,53.0,10.80000019,2.64
47.54948,-122.32536,54,1.0,1,26150,0,26150,Industrie,6.0,50.59999847,26.55
47.54974,-122.3261,49,1.0,2,24000,0,24000,Bureau,73.0,47.90000153,7.59
47.64132,-122.31644,48,1.0,5,43594,0,43594,Education,38.0,66.19999695,73.26
47.65791,-122.34274,104,1.0,1,28080,0,28080,Industrie,,31.79999924,18.54
47.5213,-122.32182,37,1.0,1,31600,0,31600,Industrie,3.0,118.0999985,103.28
47.52024,-122.32137,9,1.0,1,35289,0,35289,Industrie,63.0,28.60000038,23.9
47.5193,-122.3213,38,1.0,1,22176,0,22176,Industrie,60.0,33.70000076,32.77
47.70079,-122.32714,42,1.0,3,39927,0,39927,Bureau,38.0,96.90000153,24.88
47.70007,-122.32533,36,1.0,2,26930,6350,20580,Medical,64.0,37.20000076,6.99
47.66353,-122.29505,57,1.0,2,20296,0,20296,Industrie,,42.20000076,5.97
47.66246,-122.29342,71,1.0,2,22135,0,22135,Medical,,59.5,27.41
47.66183,-122.29264,49,1.0,3,38378,0,38378,Medical,86.0,51.5,53.73
47.66294,-122.29521,36,1.0,2,33576,0,33576,Industrie,64.0,43.70000076,49.73
47.63981,-122.39907,89,1.0,3,23910,0,23910,Bureau,,38.09999847,15.11
47.67477,-122.38241,106,1.0,2,21765,0,21765,Servicepublic,80.0,22.89999962,17.38
47.6101,-122.30838,115,1.0,2,26560,0,26560,Servicepublic,1.0,69.0,64.88
47.65022,-122.34174,59,1.0,2,20140,0,20140,Industrie,49.0,5.800000191,0.81
47.55045,-122.32749,49,1.0,1,25500,0,25500,Bureau,98.0,56.09999847,55.3
47.5478,-122.32307,55,1.0,1,41895,0,41895,Industrie,,33.5,25.09
47.54912,-122.32184,58,1.0,2,56193,0,56193,Commerce,,45.90000153,46.9
47.6712,-122.37568,94,1.0,3,35448,0,35448,Education,97.0,46.0,60.34
47.66621,-122.37502,55,1.0,1,32000,0,32000,Loisirs,,44.20000076,45.38
47.66389,-122.37307,106,1.0,2,31140,0,31140,Commerce,,35.70000076,38.86
47.6644,-122.37246,41,1.0,3,41478,0,41478,Industrie,3.0,79.30000305,78.22
47.66411,-122.37185,36,1.0,1,39840,0,39840,Industrie,2.0,19.39999962,5.24
47.66984,-122.3842,12,1.0,1,30576,15576,15000,Servicepublic,,90.69999695,38.52
47.66894,-122.38242,92,1.0,2,21528,0,21528,Loisirs,,15.30000019,6.61
47.66908,-122.38627,88,1.0,2,30000,0,30000,Commerce,,43.20000076,13.14
47.66327,-122.37439,41,1.0,1,40445,0,40445,Servicepublic,92.0,22.5,29.24
47.66318,-122.37283,20,1.0,1,23500,0,23500,Commerce,53.0,48.90000153,13.29
47.65018,-122.37787,24,1.0,3,26389,0,26389,Bureau,,45.0,8.42
47.65252,-122.37587,34,1.0,3,25859,0,25859,Bureau,88.0,35.40000153,14.9
47.66238,-122.38831,42,1.0,1,25600,0,25600,Industrie,1.0,75.90000153,34.26
47.66126,-122.38751,51,1.0,1,23169,0,23169,Industrie,,21.79999924,1.55
47.66106,-122.38576,8,1.0,4,41784,8399,33385,Bureau,89.0,38.79999924,9.03
47.66206,-122.38948,56,1.0,1,56884,0,56884,Industrie,71.0,27.70000076,37.49
47.6917,-122.37617,27,1.0,1,32810,0,32810,Commerce,66.0,66.09999847,46.44
47.64455,-122.37581,36,1.0,3,30989,0,30989,Industrie,,3.200000048,0.68
47.64418,-122.37587,101,1.0,3,39952,0,39952,Industrie,,1.5,0.4
47.65563,-122.37194,56,1.0,2,36498,0,36498,Industrie,89.0,17.0,14.81
47.66161,-122.39075,48,1.0,1,35946,0,35946,Industrie,,14.0,11.08
47.66006,-122.38631,9,1.0,4,30152,5680,24472,Bureau,96.0,33.59999847,5.94
47.65881,-122.38382,37,1.0,4,22365,0,22365,Bureau,71.0,33.59999847,5.07
47.65801,-122.3839,22,1.0,4,30172,0,30172,Bureau,82.0,32.09999847,6.3
47.66353,-122.38064,89,1.0,4,42500,0,42500,Industrie,100.0,5.5,1.68
47.66691,-122.38416,115,1.0,4,23032,0,23032,Bureau,,55.29999924,7.82
47.66497,-122.38047,48,1.0,2,23500,0,23500,Bureau,26.0,74.30000305,34.52
47.66431,-122.37988,50,1.0,1,22282,0,22282,Bureau,93.0,29.89999962,16.67
47.66351,-122.37961,114,1.0,2,24000,0,24000,Industrie,,25.0,17.39
47.719,-122.29966,85,1.0,2,37500,0,37500,Bureau,58.0,65.30000305,44.26
47.73143,-122.32784,86,1.0,3,23983,0,23983,Education,61.0,53.0,33.28
47.55832,-122.35239,36,1.0,1,24100,0,24100,Industrie,22.0,39.79999924,30.49
47.68582,-122.33709,20,1.0,3,55912,22850,33062,Autres,,74.09999847,17.08
47.65843,-122.38435,59,1.0,2,20294,0,20294,Autres,,90.90000153,67.45
47.65708,-122.38383,33,1.0,4,40571,10849,29722,Bureau,64.0,53.59999847,8.97
47.65649,-122.38383,33,1.0,4,41707,15659,26048,Bureau,78.0,42.79999924,12.24
47.65118,-122.37875,56,1.0,2,57644,0,57644,Bureau,,41.70000076,42.87
47.64913,-122.37929,61,1.0,2,39497,0,39497,Industrie,9.0,45.79999924,28.28
47.70793,-122.33316,34,1.0,2,27574,0,27574,Bureau,73.0,45.09999847,8.44
47.70842,-122.3332,29,1.0,3,76105,27307,48798,Bureau,91.0,34.09999847,17.24
47.70983,-122.31865,64,1.0,2,32009,0,32009,Industrie,,58.40000153,44.28
47.70676,-122.32264,28,1.0,3,28841,0,28841,Medical,55.0,52.90000153,33.42
47.51698,-122.35946,92,1.0,2,42975,0,42975,Education,92.0,52.5,42.96
47.53366,-122.33733,53,1.0,1,23260,0,23260,Commerce,,77.5,52.41
47.53309,-122.33977,28,1.0,2,30659,0,30659,Bureau,88.0,78.09999847,55.85
47.63132,-122.34136,96,1.0,2,27144,0,27144,Autres,,41.90000153,32.58
47.52956,-122.33592,45,1.0,1,26232,0,26232,Bureau,,126.4000015,122.71
47.59783,-122.31554,60,1.0,2,25840,0,25840,Industrie,92.0,12.0,2.19
47.59721,-122.31838,28,1.0,1,45145,0,45145,Bureau,,32.09999847,43.63
47.59728,-122.31587,15,1.0,5,70332,22095,48237,Bureau,89.0,45.0,19.12
47.72286,-122.34612,37,1.0,2,20088,0,20088,Commerce,,17.20000076,2.28
47.56999,-122.34703,19,1.0,2,40657,0,40657,Bureau,57.0,69.59999847,23.6
47.57279,-122.35066,116,1.0,1,20200,0,20200,Industrie,,14.0,2.25
47.60663,-122.32526,46,1.0,7,54372,20824,33548,Bureau,94.0,27.20000076,9.79
47.60819,-122.32282,60,1.0,3,21282,0,21282,Bureau,69.0,70.19999695,62.23
47.54563,-122.27616,95,1.0,2,41022,0,41022,Autres,,92.30000305,26.41
47.57058,-122.35626,50,1.0,2,28109,0,28109,Autres,,128.5,38.39
47.72986,-122.29278,31,1.0,3,33580,12990,20590,Bureau,100.0,19.89999962,2.86
47.72051,-122.30103,39,1.0,1,21936,0,21936,Industrie,100.0,5.300000191,2.69
47.72083,-122.29979,47,1.0,1,30160,0,30160,Autres,,39.29999924,44.26
47.56319,-122.35067,19,1.0,1,40189,0,40189,Industrie,,42.59999847,37.65
47.56877,-122.36369,28,1.0,2,66484,0,66484,Bureau,69.0,40.59999847,21.24
47.60789,-122.32249,57,1.0,3,25151,0,25151,Bureau,85.0,61.29999924,62.05
47.59727,-122.32196,27,1.0,2,23472,0,23472,Bureau,,70.0,46.45
47.62481,-122.35762,32,1.0,4,57110,15812,41298,Bureau,69.0,61.70000076,24.31
47.61833,-122.35871,37,1.0,3,34030,0,34030,Bureau,50.0,53.40000153,22.26
47.5746,-122.32637,64,1.0,1,41308,0,41308,Industrie,7.0,43.40000153,38.57
47.62591,-122.35843,104,1.0,3,34976,0,34976,Loisirs,,27.0,15.7
47.65674,-122.37223,59,1.0,1,38255,0,38255,Industrie,12.0,30.70000076,33.8
47.65103,-122.35541,27,1.0,3,48924,0,48924,Bureau,71.0,76.59999847,59.24
47.64168,-122.32562,57,1.0,4,50333,18036,32297,Bureau,88.0,35.0,11.17
47.6404,-122.32553,30,1.0,4,57432,21906,35526,Bureau,,77.19999695,17.57
47.63995,-122.32557,47,1.0,3,25912,7956,17956,Bureau,,40.79999924,4.65
47.64113,-122.32625,16,1.0,3,57132,21908,35224,Bureau,73.0,59.20000076,13.91
47.52172,-122.35487,59,1.0,2,24224,0,24224,Servicepublic,52.0,43.20000076,26.73
47.51989,-122.35489,53,1.0,1,23706,0,23706,Servicepublic,78.0,19.29999924,13.12
47.5465,-122.31704,53,1.0,1,31900,0,31900,Industrie,,61.40000153,13.7
47.5219,-122.38787,99,1.0,1,49066,0,49066,Loisirs,,91.90000153,178.86
47.52097,-122.38688,64,1.0,3,30740,0,30740,Servicepublic,,46.29999924,61.3
47.52262,-122.26922,57,1.0,1,67450,0,67450,Commerce,97.0,66.5,55.86
47.65649,-122.37507,68,1.0,1,46970,0,46970,Industrie,,18.79999924,6.16
47.6331,-122.37582,85,1.0,1,47554,0,47554,Industrie,,34.79999924,16.04
47.63063,-122.37428,37,1.0,2,43016,5400,37616,Bureau,100.0,33.90000153,60.57
47.63034,-122.37412,85,1.0,1,24196,0,24196,Autres,,47.40000153,22.29
47.63128,-122.37387,76,1.0,2,20671,0,20671,Bureau,98.0,36.09999847,24.76
47.58065,-122.33356,89,1.0,1,21600,0,21600,Industrie,57.0,25.79999924,14.36
47.50959,-122.37417,39,1.0,1,35844,0,35844,Servicepublic,14.0,24.20000076,6.04
47.66116,-122.34172,100,1.0,3,31774,0,31774,Bureau,85.0,49.40000153,18.87
47.56121,-122.33872,63,1.0,1,26094,0,26094,Industrie,19.0,30.20000076,4.95
47.56121,-122.33872,33,1.0,2,23687,0,23687,Bureau,68.0,49.59999847,7.56
47.56121,-122.33872,33,1.0,2,24221,0,24221,Bureau,20.0,62.20000076,10.01
47.60546,-122.34091,116,1.0,2,71919,14083,57836,Bureau,37.0,93.40000153,37.51
47.60546,-122.34091,116,1.0,2,32027,0,32027,Bureau,54.0,124.9000015,128.41
47.58802,-122.32111,102,1.0,3,34425,0,34425,Bureau,84.0,42.90000153,50.07
47.57296,-122.38643,32,1.0,3,40304,12000,28304,Medical,5.0,97.59999847,13.67
47.52878,-122.32771,26,1.0,1,29619,0,29619,Industrie,50.0,51.5,42.45
47.59692,-122.30601,94,1.0,2,21592,0,21592,Education,47.0,79.80000305,54.24
47.69061,-122.31992,85,1.0,2,23923,0,23923,Education,69.0,36.79999924,19.51
47.59976,-122.31441,109,1.0,3,25200,0,25200,Bureau,47.0,75.40000153,37.08
47.59693,-122.31124,53,1.0,2,28296,0,28296,Bureau,80.0,48.40000153,9.26
47.61744,-122.30514,17,1.0,3,31357,0,31357,Bureau,55.0,68.40000153,22.48
47.55601,-122.33627,56,1.0,1,53550,0,53550,Industrie,11.0,95.80000305,174.62
47.55716,-122.33744,92,1.0,1,38412,0,38412,Industrie,62.0,47.90000153,67.05
47.55662,-122.33728,86,1.0,1,25881,0,25881,Industrie,,23.5,3.8
47.55498,-122.32497,63,1.0,1,24291,0,24291,Bureau,98.0,31.29999924,19.61
47.55458,-122.32639,50,1.0,1,36544,0,36544,Industrie,5.0,36.59999847,8.85
47.58387,-122.32092,67,1.0,1,20796,0,20796,Industrie,,75.59999847,51.1
47.5822,-122.321,69,1.0,1,21349,0,21349,Industrie,70.0,33.40000153,17.04
47.58082,-122.32031,80,1.0,1,38630,0,38630,Industrie,33.0,10.80000019,2.91
47.58032,-122.32083,66,1.0,1,20724,0,20724,Industrie,,100.5999985,83.3
47.5829,-122.32417,31,1.0,1,22803,0,22803,Industrie,78.0,37.70000076,21.5
47.58252,-122.32193,65,1.0,1,41550,0,41550,Industrie,94.0,15.5,4.48
47.52305,-122.31899,22,1.0,2,54170,0,54170,Autres,,111.6999969,178.35
47.55095,-122.27978,104,1.0,2,42252,0,42252,Education,49.0,61.90000153,102.35
47.5419,-122.28302,35,1.0,3,22895,0,22895,Servicepublic,96.0,22.10000038,12.92
47.69316,-122.30487,10,1.0,6,48179,7132,41047,Industrie,,17.39999962,12.22
47.59294,-122.32555,79,1.0,1,52325,0,52325,Industrie,67.0,17.60000038,18.03
47.59322,-122.32491,96,1.0,4,20600,0,20600,Commerce,,15.5,9.71
47.58698,-122.32397,72,1.0,1,25880,0,25880,Commerce,100.0,6.300000191,1.14
47.57936,-122.32322,44,1.0,1,31365,0,31365,Autres,,21.60000038,5.09
47.57959,-122.32557,106,1.0,1,32100,0,32100,Autres,,28.20000076,25.77
47.57895,-122.32551,50,1.0,1,20520,0,20520,Industrie,20.0,62.59999847,40.85
47.57833,-122.32563,71,1.0,1,22972,0,22972,Industrie,12.0,23.5,3.45
47.57667,-122.32542,65,1.0,2,24000,0,24000,Commerce,,54.29999924,40.94
47.56845,-122.32732,53,1.0,1,100386,0,100386,Industrie,,40.5,95.93
47.56758,-122.32638,50,1.0,1,24354,0,24354,Industrie,10.0,30.20000076,17.29
47.56823,-122.32506,57,1.0,1,33600,0,33600,Industrie,58.0,27.29999924,15.35
47.56671,-122.32446,42,1.0,1,20819,0,20819,Industrie,,90.90000153,51.27
47.5668,-122.32499,49,1.0,1,23296,0,23296,Industrie,,70.40000153,40.01
47.57019,-122.32352,62,1.0,1,35222,0,35222,Industrie,,53.79999924,40.42
47.5668,-122.32149,59,1.0,1,25520,0,25520,Industrie,100.0,70.5,59.0
47.58754,-122.3224,64,1.0,1,25460,0,25460,Autres,,110.4000015,5.82
47.70008,-122.30321,42,1.0,2,24291,0,24291,Bureau,87.0,37.90000153,6.42
47.70053,-122.3038,58,1.0,2,20738,0,20738,Commerce,44.0,25.39999962,3.67
47.70175,-122.30269,16,1.0,4,30948,0,30948,Bureau,,41.59999847,6.41
47.7044,-122.32285,30,1.0,2,28385,7056,21329,Medical,1.0,129.0,18.5
47.57254,-122.32549,38,1.0,1,21755,0,21755,Industrie,,47.70000076,17.51
47.57013,-122.3244,33,1.0,1,23143,0,23143,Bureau,75.0,57.40000153,38.87
47.57075,-122.32724,54,1.0,1,28800,0,28800,Bureau,73.0,67.5,60.12
47.57294,-122.32811,64,1.0,1,39600,0,39600,Industrie,85.0,10.19999981,2.82
47.57199,-122.32811,64,1.0,1,39600,0,39600,Industrie,91.0,13.19999981,9.25
47.57587,-122.32789,7,1.0,1,36400,0,36400,Commerce,,45.0,46.16
47.56398,-122.38727,96,1.0,1,31332,0,31332,Autres,,114.0,24.91
47.57177,-122.38716,68,1.0,2,35864,0,35864,Servicepublic,75.0,39.20000076,43.64
47.55464,-122.31576,62,1.0,1,20484,0,20484,Servicepublic,69.0,46.90000153,38.38
47.66169,-122.28558,32,1.0,4,45264,17622,27642,Medical,4.0,85.09999847,12.89
47.60775,-122.31198,43,1.0,4,45082,0,45082,Medical,,98.19999695,93.5
47.68351,-122.35482,65,1.0,2,41600,0,41600,Servicepublic,58.0,33.09999847,30.99
47.63567,-122.32522,56,1.0,2,34110,0,34110,Bureau,31.0,76.0,17.87
47.57798,-122.32783,46,1.0,1,23750,0,23750,Industrie,,25.0,3.65
47.57832,-122.32649,46,1.0,1,43390,0,43390,Industrie,87.0,12.30000019,3.72
47.58238,-122.32719,57,1.0,1,35400,0,35400,Industrie,84.0,11.89999962,9.29
47.58517,-122.32853,50,1.0,1,28144,0,28144,Industrie,19.0,30.79999924,8.22
47.5842,-122.32826,100,1.0,3,71283,0,71283,Industrie,41.0,37.20000076,43.17
47.58661,-122.3281,27,1.0,1,23792,0,23792,Industrie,,118.0999985,19.88
47.58895,-122.32833,37,1.0,2,47368,0,47368,Bureau,99.0,21.79999924,7.27
47.58874,-122.32662,85,1.0,1,46183,0,46183,Industrie,,41.09999847,27.92
47.60592,-122.31367,32,1.0,5,72613,22788,49825,Bureau,84.0,55.29999924,41.96
47.56591,-122.28339,27,1.0,3,51672,0,51672,Education,97.0,29.5,20.3
47.56364,-122.28572,26,1.0,2,38352,11082,27270,Medical,36.0,76.69999695,14.7
47.56214,-122.28143,21,1.0,1,28425,0,28425,Loisirs,,82.0,57.25
47.7139,-122.29794,7,1.0,3,35115,0,35115,Commerce,,58.5,31.94
47.69734,-122.34639,44,1.0,1,66704,0,66704,Education,,10.19999981,19.77
47.70117,-122.34284,47,1.0,1,25658,0,25658,Industrie,,41.5,18.87
47.61345,-122.3198,109,1.0,2,36000,0,36000,Bureau,95.0,30.20000076,18.04
47.61324,-122.31724,103,1.0,1,36000,0,36000,Autres,59.0,71.19999695,26.52
47.61467,-122.31777,101,1.0,2,43200,0,43200,Industrie,38.0,47.70000076,49.18
47.59501,-122.32852,103,1.0,4,53840,12870,40970,Bureau,71.0,70.90000153,46.85
47.58801,-122.32944,41,1.0,1,43794,0,43794,Commerce,88.0,29.20000076,23.5
47.57466,-122.33089,48,1.0,1,48280,0,48280,Industrie,18.0,64.69999695,78.57
47.57258,-122.33059,62,1.0,1,36040,0,36040,Industrie,,10.80000019,7.74
47.68061,-122.29002,66,1.0,2,20385,0,20385,Servicepublic,65.0,44.59999847,34.04
47.67984,-122.27739,70,1.0,1,24295,0,24295,Servicepublic,53.0,9.300000191,1.51
47.66888,-122.28333,49,1.0,2,20317,0,20317,Bureau,83.0,31.20000076,4.33
47.70197,-122.34219,30,1.0,1,33392,0,33392,Loisirs,,83.5,19.43
47.5316,-122.333,43,1.0,1,36000,0,36000,Industrie,44.0,90.40000153,124.4
47.52549,-122.33064,37,1.0,1,31360,0,31360,Industrie,,49.09999847,43.18
47.52549,-122.33064,37,1.0,1,33320,0,33320,Industrie,,74.80000305,64.75
47.52549,-122.33064,37,1.0,1,48020,0,48020,Industrie,71.0,53.70000076,59.14
47.694,-122.28967,67,1.0,2,43645,0,43645,Education,71.0,63.0,85.15
47.69066,-122.29023,64,1.0,1,26853,0,26853,Commerce,68.0,71.40000153,21.46
47.59347,-122.33369,107,1.0,4,44775,0,44775,Autres,,24.5,29.88
47.57459,-122.3339,79,1.0,1,20975,0,20975,Loisirs,,16.70000076,6.46
47.57619,-122.3339,98,1.0,1,26075,0,26075,Autres,,63.09999847,17.6
47.57881,-122.33273,24,1.0,1,29394,0,29394,Industrie,60.0,34.5,26.27
47.57941,-122.3336,90,1.0,2,20400,0,20400,Industrie,69.0,24.60000038,12.17
47.57893,-122.33374,90,1.0,1,20460,0,20460,Bureau,16.0,44.20000076,6.3
47.58168,-122.33369,91,1.0,2,25821,0,25821,Industrie,,8.300000191,1.46
47.58217,-122.33263,61,1.0,2,21870,0,21870,Industrie,45.0,48.79999924,7.49
47.53419,-122.36624,46,1.0,1,43615,0,43615,Medical,89.0,77.69999695,106.35
47.53419,-122.36624,46,1.0,3,36879,0,36879,Bureau,26.0,71.0,7.98
47.53578,-122.36205,14,1.0,2,28531,0,28531,Autres,,127.5999985,92.7
47.57269,-122.37056,12,1.0,5,35176,0,35176,Bureau,,37.40000153,7.05
47.65231,-122.34217,76,1.0,2,41293,15243,26050,Education,,73.0,61.68
47.55718,-122.33288,75,1.0,1,48890,0,48890,Industrie,49.0,47.40000153,61.6
47.55658,-122.33322,16,1.0,3,43473,0,43473,Bureau,3.0,101.5999985,30.79
47.69766,-122.37346,90,1.0,1,42172,0,42172,Education,,87.40000153,152.14
47.59657,-122.33394,106,1.0,5,32250,0,32250,Bureau,92.0,26.89999962,11.44
47.69061,-122.35731,63,1.0,1,51000,0,51000,Commerce,95.0,26.10000038,14.17
47.58452,-122.3337,100,1.0,1,27000,0,27000,Loisirs,,9.199999809,1.6
47.58787,-122.33365,81,1.0,2,20747,0,20747,Loisirs,,50.70000076,17.45
47.58903,-122.33361,88,1.0,2,40800,0,40800,Industrie,,22.79999924,27.83
47.59508,-122.33378,96,1.0,2,20150,0,20150,Bureau,80.0,29.39999962,4.02
47.59639,-122.33368,107,1.0,7,36000,0,36000,Bureau,40.0,53.40000153,11.73
47.59081,-122.33487,78,1.0,2,41276,0,41276,Industrie,,69.80000305,96.62
47.58999,-122.33539,79,1.0,2,24430,0,24430,Industrie,,53.29999924,23.62
47.58686,-122.33469,89,1.0,1,22580,0,22580,Bureau,90.0,41.5,9.65
47.60192,-122.31641,90,1.0,1,20000,0,20000,Industrie,18.0,43.90000153,33.52
47.60224,-122.31529,62,1.0,1,42000,0,42000,Industrie,,54.70000076,82.07
47.61234,-122.31628,54,1.0,1,24248,0,24248,Industrie,,5.699999809,0.79
47.55608,-122.3388,84,1.0,1,24617,0,24617,Industrie,,4.800000191,0.75
47.55768,-122.33137,7,1.0,3,127065,84710,42355,Autres,,79.40000153,22.62
47.55772,-122.33017,52,1.0,1,37247,0,37247,Commerce,69.0,53.40000153,58.36
47.58462,-122.3347,106,1.0,3,49052,0,49052,Bureau,96.0,34.0,10.05
47.58318,-122.3347,116,1.0,2,52110,0,52110,Industrie,34.0,21.0,25.15
47.57595,-122.33624,79,1.0,2,39036,0,39036,Bureau,,39.59999847,39.25
47.57529,-122.33475,93,1.0,1,26310,0,26310,Bureau,96.0,24.79999924,14.99
47.70281,-122.35623,26,1.0,2,71874,31389,40485,Industrie,,19.39999962,44.97
47.60104,-122.30155,45,1.0,2,39953,0,39953,Bureau,93.0,53.5,28.05
47.60009,-122.3017,18,1.0,2,21200,0,21200,Commerce,15.0,78.0,11.69
47.59881,-122.30189,36,1.0,2,23421,0,23421,Commerce,25.0,83.5,13.22
47.67628,-122.38238,88,1.0,2,24120,0,24120,Servicepublic,66.0,42.5,31.54
47.6764,-122.38502,87,1.0,3,35736,0,35736,Servicepublic,88.0,37.59999847,51.15
47.57298,-122.33644,75,1.0,1,51050,0,51050,Industrie,10.0,27.39999962,27.75
47.57044,-122.33475,62,1.0,2,21900,0,21900,Commerce,40.0,65.69999695,42.66
47.57339,-122.33735,52,1.0,1,33462,0,33462,Industrie,1.0,41.40000153,9.67
47.57506,-122.33862,64,1.0,1,35310,0,35310,Industrie,,52.0,44.68
47.54089,-122.32323,54,1.0,3,36140,0,36140,Autres,,134.0,32.44
47.59774,-122.31936,86,1.0,1,23903,0,23903,Industrie,65.0,21.29999924,14.37
47.67923,-122.31715,69,1.0,3,22522,0,22522,Industrie,,28.0,23.52
47.67905,-122.31697,20,1.0,4,38959,0,38959,Industrie,,24.70000076,23.84
47.5867,-122.30519,88,1.0,2,25955,0,25955,Industrie,,46.90000153,8.49
47.60776,-122.32481,93,1.0,4,46100,0,46100,Education,75.0,52.29999924,78.19
47.70901,-122.35498,65,1.0,2,21936,0,21936,Servicepublic,96.0,31.29999924,28.78
47.7162,-122.2956,56,1.0,1,25406,0,25406,Commerce,,97.80000305,41.96
47.56029,-122.2858,49,1.0,2,23250,0,23250,Bureau,55.0,40.40000153,6.3
47.55966,-122.33146,56,1.0,1,30000,0,30000,Industrie,32.0,108.1999969,120.72
47.56522,-122.32205,54,1.0,1,45036,0,45036,Industrie,,47.40000153,49.53
47.70868,-122.30089,36,1.0,4,23022,0,23022,Bureau,78.0,46.70000076,14.64
47.56173,-122.32885,49,1.0,1,27263,0,27263,Industrie,,88.5,17.22
47.56362,-122.32876,60,1.0,1,22509,0,22509,Industrie,57.0,7.900000095,1.24
47.56424,-122.32902,60,1.0,1,39984,0,39984,Industrie,75.0,29.10000038,36.82
47.62322037,-122.320017,110,1.0,1,26440,0,26440,Servicepublic,91.0,31.29999924,27.93
47.59291,-122.31042,60,1.0,2,28800,0,28800,Industrie,,44.0,29.44
47.63614,-122.33982,67,1.0,3,23355,0,23355,Bureau,77.0,38.40000153,5.86
47.63575,-122.33895,51,1.0,4,30840,0,30840,Bureau,30.0,126.1999969,101.21
47.67642,-122.3035,70,1.0,1,20332,0,20332,Autres,,21.20000076,10.99
47.61118,-122.288,116,1.0,1,21850,0,21850,Servicepublic,100.0,16.5,13.09
47.64633,-122.3508,98,1.0,2,28309,0,28309,Industrie,,17.60000038,11.85
47.60106,-122.33458,116,1.0,5,38376,0,38376,Bureau,,67.69999695,14.35
47.60149,-122.33458,116,1.0,4,42804,0,42804,Bureau,,52.0,46.53
47.60023,-122.33459,116,1.0,4,33300,0,33300,Bureau,,40.70000076,18.76
47.59976,-122.33514,116,1.0,3,22200,0,22200,Autres,,10.39999962,7.05
47.64306,-122.34219,48,1.0,2,29498,0,29498,Industrie,,136.0,50.05
47.64793,-122.34358,78,1.0,1,23050,0,23050,Industrie,27.0,21.10000038,3.25
47.64747,-122.34086,8,1.0,4,48350,0,48350,Industrie,45.0,74.69999695,22.09
47.66097,-122.3192,86,1.0,1,46059,0,46059,Commerce,82.0,36.0,20.66
47.67437,-122.3181,46,1.0,2,23595,0,23595,Medical,72.0,34.90000153,6.53
47.59938,-122.33328,116,1.0,3,28142,0,28142,Bureau,96.0,32.40000153,34.08
47.59954,-122.33327,116,1.0,3,28760,0,28760,Bureau,,112.0,124.59
47.59979,-122.33318,114,1.0,4,39030,0,39030,Bureau,99.0,20.0,13.69
47.60071,-122.33377,107,1.0,3,47215,0,47215,Bureau,58.0,46.40000153,63.81
47.61492,-122.31728,90,1.0,2,61580,27000,34580,Autres,,123.8000031,69.53
47.61459,-122.31724,99,1.0,3,30720,0,30720,Bureau,,44.29999924,25.53
47.61428,-122.31726,100,1.0,2,20640,0,20640,Commerce,,19.29999924,2.88
47.61421,-122.3193,104,1.0,2,34914,0,34914,Commerce,,41.79999924,9.29
47.61508,-122.31845,110,1.0,3,20897,0,20897,Bureau,,60.5,17.79
47.61478,-122.31847,100,1.0,2,36940,0,36940,Commerce,100.0,9.100000381,2.35
47.61435,-122.31859,103,1.0,3,22866,0,22866,Bureau,,53.09999847,20.76
47.59697,-122.32474,103,1.0,3,28800,0,28800,Restaurant,,32.5,29.21
47.59644,-122.32415,37,1.0,3,35202,0,35202,Bureau,2.0,108.0999985,25.14
47.61426,-122.32661,106,1.0,2,24600,0,24600,Servicepublic,69.0,14.10000038,5.66
47.60514,-122.32613,116,1.0,1,48850,0,48850,Servicepublic,,34.29999924,65.05
47.55317,-122.33289,52,1.0,1,25000,0,25000,Industrie,,81.80000305,65.89
47.55544,-122.33294,56,1.0,1,25000,0,25000,Industrie,,13.69999981,8.61
47.61543,-122.32657,99,1.0,3,27544,0,27544,Bureau,94.0,48.79999924,17.41
47.63644,-122.34218,55,1.0,3,22960,0,22960,Loisirs,,106.5999985,95.38
47.66816,-122.27706,68,1.0,1,22778,0,22778,Commerce,,61.20000076,120.86
47.68517,-122.38733,60,1.0,2,21562,0,21562,Servicepublic,20.0,46.59999847,37.28
47.62322,-122.29006,57,1.0,1,25753,0,25753,Loisirs,,62.59999847,62.51
47.53857,-122.28026,48,1.0,1,24200,0,24200,Servicepublic,73.0,37.20000076,22.38
47.56774,-122.33289,66,1.0,1,36000,0,36000,Autres,,108.0,58.79
47.71387,-122.3535,78,1.0,2,23222,0,23222,Education,62.0,88.80000305,55.06
47.61426,-122.3253,92,1.0,2,24476,0,24476,Loisirs,,117.1999969,91.69
47.61386,-122.32481,106,1.0,2,24750,0,24750,Commerce,,40.20000076,28.07
47.61339,-122.32594,112,1.0,3,60000,0,60000,Education,52.0,80.5,121.63
47.61449,-122.32592,62,1.0,2,46560,0,46560,Loisirs,,15.80000019,17.31
47.63303,-122.34268,36,1.0,3,30408,0,30408,Bureau,61.0,58.79999924,10.04
47.63439,-122.34078,96,1.0,3,30109,0,30109,Bureau,89.0,56.0,34.03
47.63985,-122.36712,56,1.0,2,25481,0,25481,Bureau,92.0,41.29999924,38.59
47.56683,-122.33358,75,1.0,2,22324,0,22324,Industrie,53.0,34.40000153,22.33
47.56555,-122.33362,69,1.0,1,30496,0,30496,Commerce,,68.0,46.01
47.61545,-122.3238,94,1.0,3,27600,0,27600,Bureau,84.0,49.40000153,12.57
47.66117,-122.3391,19,1.0,3,31686,7358,24328,Bureau,35.0,72.80000305,16.07
47.6483,-122.33438,35,1.0,3,26694,6034,20660,Bureau,92.0,29.5,5.02
47.70833,-122.34429,44,1.0,1,29400,0,29400,Industrie,69.0,9.100000381,1.59
47.66148,-122.31279,104,1.0,2,25767,0,25767,Bureau,22.0,92.90000153,11.02
47.66188,-122.31279,63,1.0,4,33910,0,33910,Commerce,75.0,65.59999847,38.21
47.6645,-122.31224,89,1.0,2,78401,0,78401,Servicepublic,,36.29999924,87.41
47.64748,-122.33435,37,1.0,2,78716,0,78716,Industrie,38.0,54.79999924,48.13
47.66389,-122.33692,106,1.0,2,33300,0,33300,Education,92.0,61.90000153,69.2
47.66345,-122.3134,59,1.0,1,27966,7004,20962,Bureau,58.0,56.40000153,7.67
47.6616,-122.31393,40,1.0,2,34948,15755,19193,Bureau,17.0,63.79999924,8.09
47.60135,-122.33327,116,1.0,1,21420,0,21420,Loisirs,,41.79999924,9.72
47.6011,-122.33197,116,1.0,1,20880,0,20880,Bureau,94.0,32.70000076,4.76
47.59938,-122.33197,50,1.0,3,26000,0,26000,Bureau,,40.90000153,18.62
47.59954,-122.33201,116,1.0,3,38675,0,38675,Bureau,,119.4000015,43.91
47.59986,-122.33195,87,1.0,4,49951,0,49951,Bureau,,101.4000015,185.33
47.5195,-122.26935,6,1.0,2,25880,0,25880,Medical,8.0,75.59999847,19.81
47.66517,-122.31037,89,1.0,3,41013,0,41013,Servicepublic,,34.59999847,37.43
47.66453,-122.30999,12,1.0,2,21075,0,21075,Loisirs,,81.40000153,53.88
47.67819,-122.3231,51,1.0,4,56896,0,56896,Bureau,96.0,37.0,28.46
47.67783,-122.32577,38,1.0,2,27500,0,27500,Servicepublic,60.0,23.79999924,14.79
47.59856,-122.33248,86,1.0,2,36630,0,36630,Bureau,90.0,16.39999962,3.78
47.59954,-122.33115,116,1.0,3,26830,0,26830,Bureau,,79.69999695,60.93
47.59971,-122.33065,110,1.0,5,41920,0,41920,Bureau,95.0,26.29999924,7.69
47.60026,-122.3299,111,1.0,2,33640,0,33640,Bureau,70.0,41.90000153,7.52
47.59986,-122.32987,110,1.0,4,43484,0,43484,Industrie,18.0,36.0,10.92
47.599,-122.32717,116,1.0,3,22480,0,22480,Bureau,,34.09999847,6.84
47.65429,-122.32618,78,1.0,1,40028,0,40028,Industrie,80.0,19.0,6.76
47.65373,-122.32721,9,1.0,3,44510,18228,26282,Bureau,23.0,85.59999847,15.25
47.71705,-122.28577,62,1.0,1,21624,0,21624,Servicepublic,90.0,33.79999924,20.96
47.59819,-122.32599,23,1.0,3,21600,0,21600,Bureau,,70.09999847,32.42
47.59935,-122.32468,99,1.0,2,24550,0,24550,Commerce,100.0,42.0,6.73
47.60285,-122.31458,108,1.0,3,25864,0,25864,Loisirs,,47.20000076,34.61
47.60153,-122.31986,11,1.0,2,29508,7120,22388,Loisirs,,112.1999969,81.24
47.6032,-122.30596,91,1.0,2,22344,0,22344,Education,40.0,74.5,55.23
47.62531,-122.32303,95,1.0,3,31900,0,31900,Education,,105.3000031,96.2
47.68475,-122.38257,66,1.0,2,29417,0,29417,Loisirs,,61.09999847,56.25
47.627,-122.29153,28,1.0,2,21036,0,21036,Autres,,134.6000061,78.36
47.54761,-122.32759,56,1.0,1,44476,0,44476,Industrie,33.0,37.09999847,29.7
47.54494,-122.32543,47,1.0,1,35017,0,35017,Bureau,66.0,46.40000153,27.06
47.54443,-122.32688,40,1.0,1,21040,0,21040,Industrie,43.0,31.20000076,19.14
47.54333,-122.32792,42,1.0,1,25620,0,25620,Industrie,82.0,25.5,20.46
47.59775,-122.32219,24,1.0,3,33238,0,33238,Industrie,14.0,49.09999847,11.38
47.60745,-122.32542,104,1.0,4,27800,0,27800,Education,8.0,115.0,38.36
47.65532,-122.37133,55,1.0,2,37600,0,37600,Industrie,,65.90000153,93.55
47.70597,-122.36113,62,1.0,1,42128,0,42128,Education,93.0,44.40000153,49.55
47.61314,-122.32262,104,1.0,3,33708,0,33708,Autres,,24.79999924,19.61
47.66295,-122.31494,78,1.0,3,26373,0,26373,Servicepublic,75.0,44.5,38.18
47.62164,-122.31238,69,1.0,2,21656,0,21656,Loisirs,,74.30000305,51.89
47.63319,-122.36294,95,1.0,3,23040,0,23040,Industrie,,20.5,2.94
47.53104,-122.32784,39,1.0,1,24024,0,24024,Industrie,,16.79999924,2.62
47.53326,-122.32579,63,1.0,1,42420,0,42420,Industrie,34.0,26.60000038,29.39
47.53379,-122.33063,37,1.0,1,36982,0,36982,Industrie,,11.0,6.88
47.53651,-122.32954,52,1.0,2,23400,0,23400,Industrie,,19.5,3.06
47.62518,-122.35317,68,1.0,2,30720,0,30720,Autres,,65.80000305,67.15
47.56626,-122.3244,44,1.0,1,23232,0,23232,Industrie,,5.5,0.89
47.56501,-122.3248,42,1.0,1,35046,0,35046,Industrie,100.0,33.59999847,17.65
47.56477,-122.32628,55,1.0,1,25577,0,25577,Industrie,,34.5,14.19
47.56448,-122.32484,42,1.0,1,43380,0,43380,Industrie,89.0,9.600000381,2.82
47.70349,-122.33424,33,1.0,3,24696,6300,18396,Bureau,87.0,33.90000153,4.35
47.71479,-122.32824,14,1.0,1,24955,0,24955,Servicepublic,47.0,31.0,21.87
47.71856,-122.32084,55,1.0,2,76475,0,76475,Servicepublic,,25.0,67.33
47.71923,-122.32171,28,1.0,2,32961,0,32961,Education,86.0,52.20000076,62.94
47.6875,-122.35496,12,1.0,1,27376,14570,12806,Servicepublic,,90.30000305,26.67
47.62291,-122.28879,66,1.0,1,109794,0,109794,Education,87.0,33.29999924,115.34
47.61340332,-122.3203506,109,1.0,2,22320,0,22320,Commerce,,10.30000019,4.8
47.6139,-122.32034,104,1.0,3,24000,0,24000,Bureau,,39.70000076,9.09
47.61393,-122.31589,96,1.0,3,23422,0,23422,Bureau,65.0,123.9000015,128.07
47.61481,-122.31536,96,1.0,2,23040,0,23040,Industrie,99.0,3.5,0.87
47.61469,-122.31596,58,1.0,2,61880,0,61880,Industrie,66.0,9.800000191,4.15
47.61556,-122.32048,91,1.0,2,27938,0,27938,Bureau,97.0,37.0,7.31
47.66506,-122.31656,87,1.0,3,27908,0,27908,Autres,,99.69999695,63.22
47.62291,-122.28879,16,1.0,2,30562,0,30562,Education,69.0,59.70000076,55.73
47.59951,-122.32033,16,1.0,3,54969,0,54969,Commerce,67.0,68.59999847,39.31
47.69898,-122.34162,34,1.0,3,25111,0,25111,Bureau,77.0,48.0,24.97
47.64725,-122.39977,63,1.0,2,31805,0,31805,Servicepublic,10.0,59.40000153,68.39
47.64725,-122.39977,63,1.0,1,20811,0,20811,Education,95.0,69.30000305,43.97
47.59393,-122.32211,49,1.0,2,22058,0,22058,Industrie,1.0,112.1999969,66.43
47.56166,-122.3237,109,1.0,5,36000,0,36000,Autres,,35.29999924,43.04
47.67816,-122.28998,61,1.0,1,29079,0,29079,Servicepublic,78.0,32.0,22.18
47.63441,-122.28061,34,1.0,3,28848,9616,19232,Bureau,82.0,40.0,5.07
47.65564,-122.36191,28,1.0,2,20535,0,20535,Bureau,7.0,90.09999847,38.71
47.54769,-122.3251,51,1.0,1,30800,0,30800,Industrie,65.0,15.80000019,3.39
47.59416,-122.3267,94,1.0,1,37400,0,37400,Industrie,73.0,24.29999924,7.8
47.66368,-122.27324,92,1.0,3,97500,0,97500,Education,97.0,44.29999924,156.45
47.62495,-122.36036,34,1.0,5,54015,0,54015,Bureau,75.0,55.90000153,21.05
47.71986,-122.29809,51,1.0,1,24697,0,24697,Servicepublic,,69.69999695,29.18
47.6087,-122.33884,25,1.0,3,103000,0,103000,Commerce,89.0,52.29999924,81.18
47.61378771,-122.3214255,20,1.0,3,45743,0,45743,Commerce,88.0,115.5,83.45
47.61674,-122.30207,25,1.0,1,45000,0,45000,Loisirs,,83.80000305,137.66
47.55066,-122.31787,112,1.0,4,72859,0,72859,Industrie,55.0,21.60000038,12.43
47.5823,-122.32937,12,1.0,3,21947,0,21947,Autres,,61.59999847,37.83
47.6824,-122.26223,56,1.0,0,30287,0,30287,Medical,32.0,81.30000305,32.72
47.64779,-122.33352,23,1.0,1,26263,0,26263,Bureau,64.0,63.70000076,11.4
47.6709,-122.27054,8,1.0,2,70292,0,70292,Servicepublic,37.0,30.5,57.59
47.63449,-122.37661,3,1.0,3,105061,28217,76844,Bureau,100.0,17.0,9.5
47.59666,-122.31253,3,1.0,3,62662,14989,47673,Bureau,67.0,55.90000153,20.1
47.62082,-122.35251,54,1.0,1,29000,0,29000,Autres,,90.80000305,54.98
47.5843,-122.32229,2,1.0,2,56988,0,56988,Commerce,,22.20000076,16.13
47.51377011,-122.3432804,6,1.0,2,44162,0,44162,Education,,38.0,38.13
47.61438,-122.32174,104,1.0,2,64820,0,64820,Bureau,,39.40000153,29.4
47.61699,-122.32083,23,1.0,2,99765,0,99765,Education,,33.79999924,74.3
47.59523,-122.32334,2,1.0,1,20993,0,20993,Commerce,,45.79999924,10.8
47.5626,-122.29396,7,1.0,0,40265,0,40265,Education,,56.20000076,51.39
47.65395,-122.30584,47,1.0,4,58779,0,58779,Education,,0.0,25.93
47.57054,-122.29139,2,1.0,4,101580,14004,87576,Industrie,,10.69999981,9.91
47.66144,-122.38723,2,1.0,2,25532,0,25532,Bureau,,28.5,4.38
47.54425,-122.31776,61,1.0,1,52085,4222,47863,Industrie,37.0,80.30000305,157.7
47.68109,-122.2618,3,1.0,1,72000,0,72000,Loisirs,,44.40000153,67.65
47.70541,-122.32232,11,1.0,1,20616,0,20616,Loisirs,,30.89999962,4.44
47.67295,-122.39228,105,1.0,1,16795,0,16795,Loisirs,,59.0,24.73
47.60775,-122.30225,22,1.0,1,20050,0,20050,Loisirs,,99.40000153,60.81
47.54067,-122.37441,34,1.0,1,18261,0,18261,Loisirs,,56.20000076,20.33
47.59625,-122.32283,12,1.0,1,16000,0,16000,Loisirs,,65.90000153,32.17
47.52832,-122.32431,27,1.0,1,14101,0,14101,Loisirs,,55.5,22.11
47.53939,-122.29536,78,1.0,1,18258,0,18258,Loisirs,,70.90000153,41.27
